Toy #,Col.#,Model Name,Series,Series #,Photo,ImageFiles
HYW66,008,Mazda Autozam,HW Dream Garage,1/5,,00001_HW_Dream_Garage.jpg
HYY10,008,Mazda Autozam (2nd Color - Zamac),HW Dream Garage Walmart Exclusive,1/5,,00002_HW_Dream_Garage_Walmart_Exclusive.jpg
HYX45,008,Mazda Autozam (3rd Color),HW Dream Garage,1/5,,00003_HW_Dream_Garage.jpg
HYW18,001,Mazda MX-5 Miata,HW Dream Garage New for 2025!,2/5,,00004_HW_Dream_Garage_New_for_2025!.jpg
HYX57,001,Mazda MX-5 Miata (2nd Color),HW Dream Garage New for 2025!,2/5,,00005_HW_Dream_Garage_New_for_2025!.jpg
HYY52,107,Aston Martin DB4GT High-Speed Edition,HW Dream Garage,3/5,,00006_HW_Dream_Garage.jpg
JBC39,107,Aston Martin DB4GT High-Speed Edition,HW Dream Garage Super Treasure Hunt,3/5,,00007_HW_Dream_Garage_Super_Treasure_Hunt.jpg
HYW28,108,Slide-Burn,HW Dream Garage New for 2025!,4/5,,00008_HW_Dream_Garage_New_for_2025!.jpg
HYX84,108,Slide-Burn (2nd Color),HW Dream Garage New for 2025!,4/5,,00009_HW_Dream_Garage_New_for_2025!.jpg
HYY74,134,'68 Corvette - Gas Monkey Garage,HW Dream Garage,5/5,,00010_HW_Dream_Garage.jpg
HYW60,002,Batman & Robin Batmobile,Batman,1/5,,00011_Batman.jpg
HYX61,002,Batman & Robin Batmobile (2nd Color),Batman,1/5,,00012_Batman.jpg
HYX04,054,Batman: Arkham Asylum Batmobile,Batman,2/5,,00013_Batman.jpg
HYX81,054,Batman: Arkham Asylum Batmobile (2nd Color),Batman,2/5,,00014_Batman.jpg
HYX44,103,TV Series Batmobile,Batman,3/5,,00015_Batman.jpg
HYY05,103,TV Series Batmobile (2nd Color),Batman,3/5,,00016_Batman.jpg
HYY81,145,Batmobile,Batman,4/5,,00017_Batman.jpg
HYW57,232,1966 Bat Boat,Batman New for 2025!,5/5,,00018_Batman_New_for_2025!.jpg
HYW61,003,Monster High Ghoul Mobile,HW Screen Time,1/10,,00019_HW_Screen_Time.jpg
HYX62,003,Monster High Ghoul Mobile (2nd Color),HW Screen Time,1/10,,00020_HW_Screen_Time.jpg
HYY72,004,Nissan Skyline GT-R (BNR32),HW Screen Time,2/10,,00021_HW_Screen_Time.jpg
HYW83,030,Standard Kart,HW Screen Time,3/10,,00022_HW_Screen_Time.jpg
HYW84,031,X-34 Landspeeder,HW Screen Time,4/10,,00023_HW_Screen_Time.jpg
HYX27,083,K.I.T.T.,HW Screen Time,5/10,,00024_HW_Screen_Time.jpg
HYW26,104,Optimus Prime,HW Screen Time New for 2025!,6/10,,00025_HW_Screen_Time_New_for_2025!.jpg
HYW62,132,Snoopy,HW Screen Time,7/10,,00026_HW_Screen_Time.jpg
HYY82,146,Minecart,HW Screen Time,8/10,,00027_HW_Screen_Time.jpg
HYY83,147,Chevy El Camino,HW Screen Time New in Mainline,9/10,,00028_HW_Screen_Time_New_in_Mainline.jpg
HYY98,166,Disney Steamboat,HW Screen Time,10/10,,00029_HW_Screen_Time.jpg
HYW63,005,Purple Passion,HW Designed By,1/5,,00030_HW_Designed_By.jpg
HYX55,005,Purple Passion (2nd Color),HW Designed By,1/5,,00031_HW_Designed_By.jpg
JBC21,032,Fish'd & Chip'd,HW Designed By Treasure Hunt,2/5,,00032_HW_Designed_By_Treasure_Hunt.jpg
HYY73,084,Gotta Go,HW Designed By,3/5,,00033_HW_Designed_By.jpg
HYX94,084,Gotta Go (2nd Color),HW Designed By,3/5,,00034_HW_Designed_By.jpg
HYY50,105,RD-06,HW Designed By,4/5,,00035_HW_Designed_By.jpg
HYX82,105,RD-06 (2nd Color),HW Designed By,4/5,,00036_HW_Designed_By.jpg
HYX28,133,Monster Dairy Delivery,HW Designed By,5/5,,00037_HW_Designed_By.jpg
HYX93,133,Monster Dairy Delivery (2nd Color),HW Designed By,5/5,,00038_HW_Designed_By.jpg
HYW64,006,Kowloon'd Hypervan,HW Metro,1/5,,00039_HW_Metro.jpg
HYX75,006,Kowloon'd Hypervan (2nd Color),HW Metro,1/5,,00040_HW_Metro.jpg
HYW65,007,Small Bloc,HW Metro,2/5,,00041_HW_Metro.jpg
HYX56,007,Small Bloc,HW Metro,2/5,,00042_HW_Metro.jpg
JBC22,057,Mailed It!,HW Metro Treasure Hunt,3/5,,00043_HW_Metro_Treasure_Hunt.jpg
HYW21,058,Maserati Shamal,HW Metro New for 2025!,4/5,,00044_HW_Metro_New_for_2025!.jpg
HYX76,058,Maserati Shamal (2nd Color),HW Metro New for 2025!,4/5,,00045_HW_Metro_New_for_2025!.jpg
HYW35,148,Cone Shaker,HW Metro New for 2025!,5/5,,00046_HW_Metro_New_for_2025!.jpg
JBB62,148,Cone Shaker (2nd Color),HW Metro New for 2025!,5/5,,00047_HW_Metro_New_for_2025!.jpg
HYW86,009,Tesla Model S Plaid,HW EV,1/10,,00048_HW_EV.jpg
HYX58,009,Tesla Model S Plaid (2nd Color),HW EV,1/10,,00049_HW_EV.jpg
HYW67,010,Deora III,HW EV,2/10,,00050_HW_EV.jpg
HYX47,010,Deora III (2nd Color),HW EV,2/10,,00051_HW_EV.jpg
HYW85,033,Fiat 500e,HW EV,3/10,,00052_HW_EV.jpg
HYW15,072,Cupra e-Racer,HW EV New for 2025!,4/10,,00053_HW_EV_New_for_2025!.jpg
HYX46,072,Cupra e-Racer (2nd Color),HW EV New for 2025!,4/10,,00054_HW_EV_New_for_2025!.jpg
HYX06,060,Supercharged,HW EV,5/10,,00055_HW_EV.jpg
HYX64,060,Supercharged (2nd Color),HW EV,5/10,,00056_HW_EV.jpg
HYX30,086,Silverado EV RST,HW EV,6/10,,00057_HW_EV.jpg
JBB64,086,Silverado EV RST (2nd Color),HW EV,6/10,,00058_HW_EV.jpg
HYY28,086,Silverado EV RST (3rd Color),HW EV Dollar Tree/Family Dollar Exclusive,6/10,,00016_Batman.jpg
HYY99,101,Chevy Super Volt,HW EV,7/10,,00059_HW_EV.jpg
HYW22,120,Custom Kia EV6,HW EV New for 2025!,8/10,,00060_HW_EV_New_for_2025!.jpg
HYX63,120,Custom Kia EV6 (2nd Color),HW EV New for 2025!,8/10,,00061_HW_EV_New_for_2025!.jpg
HYY86,151,Rodger Dodger 2.0,HW EV,9/10,,00062_HW_EV.jpg
JBB65,151,Rodger Dodger 2.0 (2nd Color),HW EV,9/10,,00063_HW_EV.jpg
JBC27,168,Nissan Leaf NISMO RC_02,HW EV Treasure Hunt,10/10,,00064_HW_EV_Treasure_Hunt.jpg
HYW14,011,Kei Swap,HW Art Cars New for 2025!,1/10,,00065_HW_Art_Cars_New_for_2025!.jpg
HYX95,011,Kei Swap (2nd Color),HW Art Cars New for 2025!,1/10,,00066_HW_Art_Cars_New_for_2025!.jpg
HYW68,012,Custom '53 Chevy,HW Art Cars,2/10,,00067_HW_Art_Cars.jpg
HYY11,012,Custom '53 Chevy (2nd Color - Zamac),HW Art Cars Walmart Exclusive,2/10,,00068_HW_Art_Cars_Walmart_Exclusive.jpg
HYY87,035,The Vanster,HW Art Cars,3/10,,00069_HW_Art_Cars.jpg
HYX65,035,The Vanster (2nd Color),HW Art Cars,3/10,,00070_HW_Art_Cars.jpg
JJB80,062,Datsun 240Z,HW Art Cars,4/10,,00071_HW_Art_Cars.jpg
JBB66,062,Datsun 240Z (3rd Color),HW Art Cars,4/10,,00072_HW_Art_Cars.jpg
HYW88,036,DMC DeLorean,HW Art Cars,5/10,,00073_HW_Art_Cars.jpg
HYX59,036,DMC DeLorean (2nd Color),HW Art Cars,5/10,,00074_HW_Art_Cars.jpg
HYX07,061,Hi-Roller II,HW Art Cars,6/10,,00075_HW_Art_Cars.jpg
JBC37,061,Hi-Roller II,HW Art Cars Super Treasure Hunt,6/10,,00076_HW_Art_Cars_Super_Treasure_Hunt.jpg
HYX31,087,'70 Plymouth Superbird,HW Art Cars,7/10,,00077_HW_Art_Cars.jpg
HYX96,087,'70 Plymouth Superbird (2nd Color),HW Art Cars,7/10,,00078_HW_Art_Cars.jpg
HYX32,088,Ain't Fare,HW Art Cars,8/10,,00079_HW_Art_Cars.jpg
JBB67,088,Ain't Fare (2nd Color),HW Art Cars,8/10,,00080_HW_Art_Cars.jpg
HYW30,135,Long Bloc,HW Art Cars New for 2025!,9/10,,00081_HW_Art_Cars_New_for_2025!.jpg
HYX97,135,Long Bloc (2nd Color),HW Art Cars New for 2025!,9/10,,00082_HW_Art_Cars_New_for_2025!.jpg
JBB00,169,'67 Austin Mini Van,HW Art Cars,10/10,,00083_HW_Art_Cars.jpg
JBB68,169,'67 Austin Mini Van (2nd Color),HW Art Cars,10/10,,00084_HW_Art_Cars.jpg
HYW69,013,Nerve Hammer,X-Raycers,1/10,,00085_X-Raycers.jpg
HYX66,013,Nerve Hammer (2nd Color),X-Raycers,1/10,,00086_X-Raycers.jpg
HYW70,014,Draftnator,X-Raycers,2/10,,00087_X-Raycers.jpg
HYY31,014,Draftnator (2nd Color),X-Raycers Kroger Exclusive,2/10,,00088_X-Raycers_Kroger_Exclusive.jpg
HYX67,014,Draftnator (3rd Color),X-Raycers,2/10,,00089_X-Raycers.jpg
HYW89,037,Crescendo,X-Raycers,3/10,,00090_X-Raycers.jpg
HYX85,037,Crescendo (2nd Color),X-Raycers,3/10,,00091_X-Raycers.jpg
HYX09,063,Monteracer,X-Raycers,4/10,,00092_X-Raycers.jpg
HYX86,063,Monteracer (2nd Color),X-Raycers,4/10,,00093_X-Raycers.jpg
HYX10,064,Arrow Dynamic,X-Raycers,5/10,,00094_X-Raycers.jpg
HYX98,064,Arrow Dynamic (2nd Color),X-Raycers,5/10,,00095_X-Raycers.jpg
HYX11,065,El Viento,X-Raycers,6/10,,00096_X-Raycers.jpg
HYY06,065,El Viento (2nd Color),X-Raycers,6/10,,00097_X-Raycers.jpg
HYX33,089,Stockar,X-Raycers,7/10,,00098_X-Raycers.jpg
HYY07,089,Stockar (2nd Color),X-Raycers,7/10,,00099_X-Raycers.jpg
HYY53,109,Power Rocket,X-Raycers,8/10,,00100_X-Raycers.jpg
JBB69,109,Power Rocket (2nd Color),X-Raycers,8/10,,00101_X-Raycers.jpg
JBC24,110,Rig Storm,X-Raycers Treasure Hunt,9/10,,00102_X-Raycers_Treasure_Hunt.jpg
HYY75,136,Salt Shaker,X-Raycers,10/10,,00103_X-Raycers.jpg
JBB80,136,Salt Shaker (2nd Color),X-Raycers,10/10,,00104_X-Raycers.jpg
HYW13,015,Morgan Super 3,Factory Fresh New for 2025!,1/5,,00105_Factory_Fresh_New_for_2025!.jpg
HYY33,015,Morgan Super 3 (2nd Color),Factory Fresh New for 2025! Kroger Exclusive,1/5,,00016_Batman.jpg
HYX48,015,Morgan Super 3 (3rd Color),Factory Fresh New for 2025!,1/5,,00106_Factory_Fresh_New_for_2025!.jpg
HYW72,016,'87 Audi quattro,Factory Fresh,2/5,,00107_Factory_Fresh.jpg
JBC35,016,'87 Audi quattro,Factory Fresh Super Treasure Hunt,2/5,,00108_Factory_Fresh_Super_Treasure_Hunt.jpg
HYW90,038,Proton Saga,Factory Fresh,3/5,,00109_Factory_Fresh.jpg
HYW23,090,Gordon Murray Automotive T.33,Factory Fresh New for 2025!,4/5,,00110_Factory_Fresh_New_for_2025!.jpg
JBB70,090,Gordon Murray Automotive T.33 (2nd Color),Factory Fresh New for 2025!,4/5,,00111_Factory_Fresh_New_for_2025!.jpg
HYW34,191,Ferrari SF90 Stradale,Factory Fresh New for 2025!,5/5,,00112_Factory_Fresh_New_for_2025!.jpg
HYY08,191,Ferrari SF90 Stradale (2nd Color),Factory Fresh New for 2025!,5/5,,00113_Factory_Fresh_New_for_2025!.jpg
JBC20,017,Ford Performance Supervan 4,HW First Response Treasure Hunt,1/5,,00114_HW_First_Response_Treasure_Hunt.jpg
HYW71,018,Alpha Pursuit,HW First Response,2/5,,00115_HW_First_Response.jpg
HYX49,018,Alpha Pursuit (2nd Color),HW First Response,2/5,,00116_HW_First_Response.jpg
HYW91,039,2020 Ram 1500 Rebel,HW First Response,3/5,,00117_HW_First_Response.jpg
HYW27,114,Drift-Ender,HW First Response New for 2025!,4/5,,00118_HW_First_Response_New_for_2025!.jpg
HYY00,114,Drift-Ender (2nd Color),HW First Response New for 2025!,4/5,,00119_HW_First_Response_New_for_2025!.jpg
HYY76,137,Rapid Pulse,HW First Response,5/5,,00120_HW_First_Response.jpg
JBB50,137,Rapid Pulse (2nd Color),HW First Response,5/5,,00121_HW_First_Response.jpg
HYW12,019,Super Twin Mill,Hot Wheels Let's Race New for 2025!,1/5,,00122_Hot_Wheels_Let's_Race_New_for_2025!.jpg
JBB72,019,Super Twin Mill (2nd Color),Hot Wheels Let's Race New for 2025!,1/5,,00123_Hot_Wheels_Let's_Race_New_for_2025!.jpg
HYW92,040,Donut Drifter,Hot Wheels Let's Race,2/5,,00124_Hot_Wheels_Let's_Race.jpg
HYW20,066,Street Shrieker,Hot Wheels Let's Race New for 2025!,3/5,,00125_Hot_Wheels_Let's_Race_New_for_2025!.jpg
JBC08,066,Street Shrieker (2nd Color),Hot Wheels Let's Race New for 2025!,3/5,,00016_Batman.jpg
HYX12,067,Rodger Dodger,Hot Wheels Let's Race,4/5,,00126_Hot_Wheels_Let's_Race.jpg
HYY88,153,Buns of Steel,Hot Wheels Let's Race,5/5,,00127_Hot_Wheels_Let's_Race.jpg
HYW73,020,'21 Ford Bronco,HW Hot Trucks,1/10,,00128_HW_Hot_Trucks.jpg
HYY32,020,'21 Ford Bronco (2nd Color),HW Hot Trucks Kroger Exclusive,1/10,,00016_Batman.jpg
HYX50,020,'21 Ford Bronco (3rd Color),HW Hot Trucks,1/10,,00129_HW_Hot_Trucks.jpg
HYW74,021,'67 Chevy C10,HW Hot Trucks,2/10,,00130_HW_Hot_Trucks.jpg
HYX51,021,'67 Chevy C10 (2nd Color),HW Hot Trucks,2/10,,00131_HW_Hot_Trucks.jpg
HYW17,042,Haulerback,HW Hot Trucks New for 2025!,3/10,,00132_HW_Hot_Trucks_New_for_2025!.jpg
HYX68,042,Haulerback (2nd Color),HW Hot Trucks New for 2025!,3/10,,00133_HW_Hot_Trucks_New_for_2025!.jpg
HYW94,043,'80 El Camino,HW Hot Trucks,4/10,,00134_HW_Hot_Trucks.jpg
HYW95,044,1988 Jeep Wagoneer,HW Hot Trucks,5/10,,00135_HW_Hot_Trucks.jpg
HYY13,044,1988 Jeep Wagoneer (2nd Color - Zamac),HW Hot Trucks Walmart Exclusive,5/10,,00016_Batman.jpg
HYX36,093,1975 Datsun Sunny Truck (B120),HW Hot Trucks New in Mainline,6/10,,00136_HW_Hot_Trucks_New_in_Mainline.jpg
JBC38,093,1975 Datsun Sunny Truck (B120),HW Hot Trucks New in Mainline Super Treasure Hunt,6/10,,00137_HW_Hot_Trucks_New_in_Mainline_Super_Treasure_Hunt.jpg
HYX37,094,'99 Ford F-150 SVT Lightning,HW Hot Trucks,7/10,,00138_HW_Hot_Trucks.jpg
JBB53,094,'99 Ford F-150 SVT Lightning (2nd Color),HW Hot Trucks,7/10,,00139_HW_Hot_Trucks.jpg
HYY60,119,'91 GMC Syclone,HW Hot Trucks,8/10,,00140_HW_Hot_Trucks.jpg
JBB89,119,'91 GMC Syclone (2nd Color),HW Hot Trucks,8/10,,00141_HW_Hot_Trucks.jpg
HYY91,157,'83 Chevy Silverado,HW Hot Trucks,9/10,,00142_HW_Hot_Trucks.jpg
JMT29,157,'83 Chevy Silverado (2nd Color),HW Hot Trucks,9/10,,00016_Batman.jpg
JBB03,173,1978 Dodge Li'l Red Express Truck,HW Hot Trucks,10/10,,00143_HW_Hot_Trucks.jpg
HYW75,022,Bogzilla,HW Ride-Ons,1/5,,00144_HW_Ride-Ons.jpg
HYX52,022,Power Wheels Dune Racer,HW Ride-Ons,1/5,,00145_HW_Ride-Ons.jpg
HYW76,023,Kick Kart,HW Ride-Ons,2/5,,00146_HW_Ride-Ons.jpg
JBB90,023,Kick Kart (2nd Color),HW Ride-Ons,2/5,,00016_Batman.jpg
JHV10,068,Draggin' Wagon,HW Ride-Ons,3/5,,00147_HW_Ride-Ons.jpg
HYX69,068,Draggin' Wagon (2nd Color),HW Ride-Ons,3/5,,00148_HW_Ride-Ons.jpg
JBC23,095,Pedal Driver,HW Ride-Ons Treasure Hunt,4/5,,00149_HW_Ride-Ons_Treasure_Hunt.jpg
HYY77,138,Pixel Shaker,HW Ride-Ons,5/5,,00150_HW_Ride-Ons.jpg
JBB54,138,Pixel Shaker (2nd Color),HW Ride-Ons,5/5,,00151_HW_Ride-Ons.jpg
HYW77,024,Custom Cadillac Fleetwood,Rod Squad,1/10,,00152_Rod_Squad.jpg
HYW78,025,Max Steel,Rod Squad,2/10,,00153_Rod_Squad.jpg
HYX53,025,Max Steel (2nd Color),Rod Squad,2/10,,00154_Rod_Squad.jpg
HYW96,045,'55 Chevy,Rod Squad,3/10,,00155_Rod_Squad.jpg
HYY15,045,'55 Chevy (2nd Color - Zamac),Rod Squad Walmart Exclusive,3/10,,00016_Batman.jpg
HYW97,046,Hirohata Merc,Rod Squad,4/10,,00156_Rod_Squad.jpg
JBC36,046,Hirohata Merc,Rod Squad Super Treasure Hunt,4/10,,00157_Rod_Squad_Super_Treasure_Hunt.jpg
HYX14,069,Hi-Roller,Rod Squad,5/10,,00158_Rod_Squad.jpg
HYX70,069,Hi-Roller (2nd Color),Rod Squad,5/10,,00159_Rod_Squad.jpg
HYX15,070,HW50 Concept,Rod Squad,6/10,,00160_Rod_Squad.jpg
HYX71,070,HW50 Concept (2nd Color),Rod Squad,6/10,,00161_Rod_Squad.jpg
HYX39,097,Mid Mill,Rod Squad,7/10,,00162_Rod_Squad.jpg
HYX79,097,Mid Mill (2nd Color),Rod Squad,7/10,,00163_Rod_Squad.jpg
HYX38,111,'58 Chevy Impala,Rod Squad,8/10,,00164_Rod_Squad.jpg
HYY78,139,Custom '53 Cadillac,Rod Squad,9/10,,00165_Rod_Squad.jpg
HYW33,158,Hoto Roto,Rod Squad New for 2025!,10/10,,00166_Rod_Squad_New_for_2025!.jpg
JBB74,158,Hoto Roto (2nd Color),Rod Squad New for 2025!,10/10,,00167_Rod_Squad_New_for_2025!.jpg
HYW79,026,Nissan Skyline 2000GT-R LBWK,HW J-Imports,1/5,,00168_HW_J-Imports.jpg
HYY30,026,Nissan Skyline 2000GT-R LBWK (2nd Color),HW J-Imports Kroger Exclusive,1/5,,00016_Batman.jpg
HYX54,026,Nissan Skyline 2000GT-R LBWK (3rd Color),HW J-Imports,1/5,,00169_HW_J-Imports.jpg
HYW98,047,Mazda REPU,HW J-Imports,2/5,,00170_HW_J-Imports.jpg
HYW99,048,Subaru BRZ,HW J-Imports New in Mainline,3/5,,00171_HW_J-Imports_New_in_Mainline.jpg
HYY12,048,Subaru BRZ (2nd Color - Zamac),HW J-Imports Walmart Exclusive New in Mainline,3/5,,00016_Batman.jpg
JBB55,048,Subaru BRZ (3rd Color),HW J-Imports New in Mainline,3/5,,00172_HW_J-Imports_New_in_Mainline.jpg
HYW25,098,Hako Type D,HW J-Imports New for 2025!,4/5,,00173_HW_J-Imports_New_for_2025!.jpg
HYX80,098,Hako Type D (2nd Color),HW J-Imports New for 2025!,4/5,,00174_HW_J-Imports_New_for_2025!.jpg
JBC25,141,'85 Honda City Turbo II,HW J-Imports Treasure Hunt,5/5,,00175_HW_J-Imports_Treasure_Hunt.jpg
HYW80,027,Twin Mill Gen-E,HW Celebration Racers Chinese New Year,1/10,,00176_HW_Celebration_Racers_Chinese_New_Year.jpg
HYX01,051,'69 Corvette Racer,HW Celebration Racers Valentine's Day,2/10,,00177_HW_Celebration_Racers_Valentine's_Day.jpg
HYX20,076,'74 Brazilian Dodge Charger,HW Celebration Racers International Women's Day,3/10,,00178_HW_Celebration_Racers_International_Women's_Day.jpg
HYY67,126,HW Formula Solar,HW Celebration Racers Earth Day,4/10,,00179_HW_Celebration_Racers_Earth_Day.jpg
JBC26,143,Birthday Burner,HW Celebration Racers Treasure Hunt Happy Birthday!,5/10,,00180_HW_Celebration_Racers_Treasure_Hunt_Happy_Birthday!.jpg
HYX42,167,Mattel Dream Mobile,HW Celebration Racers Mattel 80th Anniversary,6/10,,00181_HW_Celebration_Racers_Mattel_80th_Anniversary.jpg
JBB37,223,Layin' Lowrider,HW Celebration Racers Cinco de Mayo,7/10,,00182_HW_Celebration_Racers_Cinco_de_Mayo.jpg
JBB43,233,Custom '56 Ford Truck,HW Celebration Racers Day of the Dead/Halloween,8/10,,00183_HW_Celebration_Racers_Day_of_the_Dead-Halloween.jpg
HYW52,234,Feline Lucky,HW Celebration Racers New for 2025! Maneki-neko Day,9/10,,00184_HW_Celebration_Racers_New_for_2025!_Maneki-neko_Day.jpg
JBB46,241,Mo-Stash,HW Celebration Racers Movember,10/10,,00185_HW_Celebration_Racers_Movember.jpg
HYW81,028,'90 Honda Civic EF,HW: '70s vs. '90s,1/10,,00186_HW-_'70s_vs._'90s.jpg
HYX90,028,'90 Honda Civic EF (3rd Color),HW: '70s vs. '90s,1/10,,00187_HW-_'70s_vs._'90s.jpg
HYW82,029,'94 Audi Avant RS2,HW: '70s vs. '90s,2/10,,00188_HW-_'70s_vs._'90s.jpg
HYX60,029,'94 Audi Avant RS2 (2nd Color),HW: '70s vs. '90s,2/10,,00189_HW-_'70s_vs._'90s.jpg
HYX02,052,Mercedes-Benz 500 E,HW: '70s vs. '90s,3/10,,00190_HW-_'70s_vs._'90s.jpg
JBB60,052,Mercedes-Benz 500 E (3rd Color),HW: '70s vs. '90s,3/10,,00191_HW-_'70s_vs._'90s.jpg
HYX03,053,'70 Chevy Camaro RS,HW: '70s vs. '90s,4/10,,00192_HW-_'70s_vs._'90s.jpg
HYX21,077,BMW 2002,HW: '70s vs. '90s,5/10,,00193_HW-_'70s_vs._'90s.jpg
HYY14,077,BMW 2002 (2nd Color - ZAMAC),HW: '70s vs. '90s Walmart Exclusive,5/10,,00016_Batman.jpg
JBB70,077,BMW 2002 (3rd Color),HW: '70s vs. '90s,5/10,,00194_HW-_'70s_vs._'90s.jpg
HYX22,078,'71 Lamborghini Miura SV,HW: '70s vs. '90s,6/10,,00195_HW-_'70s_vs._'90s.jpg
HYX73,078,'71 Lamborghini Miura SV (2nd Color),HW: '70s vs. '90s,6/10,,00196_HW-_'70s_vs._'90s.jpg
HYY27,078,'71 Lamborghini Miura SV (3rd Color),HW: '70s vs. '90s Dollar Tree/Family Dollar Exclusive,6/10,,00197_HW-_'70s_vs._'90s_Dollar_Tree-Family_Dollar_Exclusive.jpg
HYY68,127,'92 Ford Mustang,HW: '70s vs. '90s,7/10,,00198_HW-_'70s_vs._'90s.jpg
HYY80,144,Nissan Skyline GT-R (BCNR33),HW: '70s vs. '90s,8/10,,00199_HW-_'70s_vs._'90s.jpg
HYY04,144,Nissan Skyline GT-R (BCNR33) (2nd Color),HW: '70s vs. '90s,8/10,,00200_HW-_'70s_vs._'90s.jpg
HYY95,163,'95 Mazda RX-7 Drift,HW: '70s vs. '90s New in Mainline,9/10,,00201_HW-_'70s_vs._'90s_New_in_Mainline.jpg
JBB57,163,'95 Mazda RX-7 Drift (2nd Color),HW: '70s vs. '90s New in Mainline,9/10,,00202_HW-_'70s_vs._'90s_New_in_Mainline.jpg
HYY96,164,'70 Dodge Hemi Challenger,HW: '70s vs. '90s,10/10,,00203_HW-_'70s_vs._'90s.jpg
HYW19,034,Ford Mustang GTD,Mustang 60th New for 2025!,1/5,,00204_Mustang_60th_New_for_2025!.jpg
JBB93,034,Ford Mustang GTD (2nd Color),Mustang 60th New for 2025!,1/5,,00205_Mustang_60th_New_for_2025!.jpg
JBB16,073,2020 Ford Mustang Shelby GT500,Mustang 60th,2/5,,00206_Mustang_60th.jpg
HYY93,161,'67 Shelby GT500,Mustang 60th,3/5,,00207_Mustang_60th.jpg
JBB94,161,'67 Shelby GT500 (2nd Color),Mustang 60th,3/5,,00016_Batman.jpg
JBB04,175,'71 Mustang Funny Car,Mustang 60th,4/5,,00208_Mustang_60th.jpg
JBC42,175,'71 Mustang Funny Car,Mustang 60th Super Treasure Hunt,4/5,,00016_Batman.jpg
HYY94,211,Custom '18 Ford Mustang GT,Mustang 60th,5/5,,00209_Mustang_60th.jpg
HYW93,041,Lamborghini Huracán Sterrato,Safari Mode,1/5,,00210_Safari_Mode.jpg
JBB86,041,Lamborghini Huracán Sterrato (3rd Color),Safari Mode,1/5,,00016_Batman.jpg
HYW87,154,Porsche 911 Rallye,Safari Mode,2/5,,00211_Safari_Mode.jpg
JBC41,154,Porsche 911 Rallye,Safari Mode Super Treasure Hunt,2/5,,00212_Safari_Mode_Super_Treasure_Hunt.jpg
HYY89,155,Big-Air Bel-Air,Safari Mode,3/5,,00213_Safari_Mode.jpg
JBB51,155,Big-Air Bel-Air (2nd Color),Safari Mode,3/5,,00214_Safari_Mode.jpg
HYW36,171,Amaru GTC,Safari Mode New for 2025!,4/5,,00215_Safari_Mode_New_for_2025!.jpg
JBB52,171,Amaru GTC (2nd Color),Safari Mode New for 2025!,4/5,,00216_Safari_Mode_New_for_2025!.jpg
HYW44,203,Lil' Roar,Safari Mode New for 2025!,5/5,,00217_Safari_Mode_New_for_2025!.jpg
HYX00,049,'22 Ford Maverick Custom,HW Modified,1/5,,00218_HW_Modified.jpg
HYW16,050,'66 Buick Riviera,HW Modified New for 2025!,2/5,,00219_HW_Modified_New_for_2025!.jpg
JBB56,050,'66 Buick Riviera (2nd Color),HW Modified New for 2025!,2/5,,00220_HW_Modified_New_for_2025!.jpg
HYX16,071,Punk Rod,HW Modified,3/5,,00221_HW_Modified.jpg
HYX72,071,Punk Rod (2nd Color),HW Modified,3/5,,00222_HW_Modified.jpg
HYY16,071,Punk Rod (3rd Color - Zamac),HW Modified Walmart Exclusive,3/5,,00223_HW_Modified_Walmart_Exclusive.jpg
HYY92,159,Ford GT,HW Modified,4/5,,00224_HW_Modified.jpg
JBB75,159,Ford GT (2nd Color),HW Modified,4/5,,00225_HW_Modified.jpg
HYW32,172,Renault Espace F1,HW Modified New for 2025!,5/5,,00226_HW_Modified_New_for_2025!.jpg
JBB76,172,Renault Espace F1 (2nd Color),HW Modified New for 2025!,5/5,,00227_HW_Modified_New_for_2025!.jpg
HYX05,055,Humvee,HW Dirt,1/10,,00228_HW_Dirt.jpg
HYX26,056,'70 Dodge Power Wagon,HW Dirt,2/10,,00229_HW_Dirt.jpg
HYX25,081,Chevy Blazer 4×4,HW Dirt,3/10,,00230_HW_Dirt.jpg
JBB78,081,Chevy Blazer 4×4 (2nd Color),HW Dirt,3/10,,00016_Batman.jpg
HYW31,082,Tesla Cyberquad,HW Dirt New for 2025!,4/10,,00231_HW_Dirt_New_for_2025!.jpg
HYX91,082,Tesla Cyberquad (2nd Color),HW Dirt New for 2025!,4/10,,00232_HW_Dirt_New_for_2025!.jpg
JBB19,115,'75 Chevy Blazer Custom,HW Dirt New in Mainline,5/10,,00233_HW_Dirt_New_in_Mainline.jpg
HYY01,115,'75 Chevy Blazer Custom (2nd Color),HW Dirt New in Mainline,5/10,,00234_HW_Dirt_New_in_Mainline.jpg
HYY71,130,'20 Jeep Gladiator,HW Dirt,6/10,,00235_HW_Dirt.jpg
JBC40,130,'20 Jeep Gladiator,HW Dirt Super Treasure Hunt,6/10,,00236_HW_Dirt_Super_Treasure_Hunt.jpg
HYW24,140,Ford Model A Custom '31,HW Dirt New for 2025!,7/10,,00237_HW_Dirt_New_for_2025!.jpg
HYX92,140,Ford Model A Custom '31 (2nd Color),HW Dirt New for 2025!,7/10,,00238_HW_Dirt_New_for_2025!.jpg
HYY97,152,'19 Chevy Silverado Trail Boss LT,HW Dirt,8/10,,00239_HW_Dirt.jpg
JBB06,178,'17 Ford F-150 Raptor,HW Dirt,9/10,,00240_HW_Dirt.jpg
HYY19,178,'17 Ford F-150 Raptor (2nd Color - Zamac),HW Dirt Walmart Exclusive,9/10,,00016_Batman.jpg
JBB05,179,'15 Land Rover Defender Double Cab,HW Dirt,10/10,,00241_HW_Dirt.jpg
HYY35,179,'15 Land Rover Defender Double Cab (2nd Color),HW Dirt Kroger Exclusive,10/10,,00016_Batman.jpg
JBC00,179,'15 Land Rover Defender Double Cab (3rd Color),HW Dirt,10/10,,00016_Batman.jpg
HYW10,059,Oracle Red Bull Racing,Track Aces New for 2025!,1/5,,00242_Track_Aces_New_for_2025!.jpg
JBC07,059,Williams Racing,Track Aces New for 2025!,1/5,,00243_Track_Aces_New_for_2025!.jpg
HYX78,059,Mercedes-AMG Petronas Formula One Team,Track Aces New for 2025!,1/5,,00244_Track_Aces_New_for_2025!.jpg
HYX35,092,Dune It Up,Track Aces,2/5,,00245_Track_Aces.jpg
HYX87,092,Dune It Up (2nd Color),Track Aces,2/5,,00246_Track_Aces.jpg
JBB01,170,Madfast,Track Aces,3/5,,00247_Track_Aces.jpg
HYY09,170,Madfast (2nd Color),Track Aces,3/5,,00248_Track_Aces.jpg
HYY56,194,Formula E Gen3,Track Aces,4/5,,00249_Track_Aces.jpg
JBC29,202,Chevroletor,Track Aces Treasure Hunt,5/5,,00250_Track_Aces_Treasure_Hunt.jpg
HYX17,074,Porsche 911 GT3,HW Race Day,1/10,,00251_HW_Race_Day.jpg
HYX19,075,Jaguar Mk1,HW Race Day,2/10,,00252_HW_Race_Day.jpg
JBB58,075,Jaguar Mk1 (2nd Color),HW Race Day,2/10,,00253_HW_Race_Day.jpg
HYX41,100,Porsche 904 Carrera GTS,HW Race Day,3/10,,00254_HW_Race_Day.jpg
HYY03,100,Porsche 904 Carrera GTS (2nd Color),HW Race Day,3/10,,00255_HW_Race_Day.jpg
JBC54,100,Porsche 904 Carrera GTS (3rd Color),HW Race Day,3/10,,00016_Batman.jpg
HYY65,124,Futurismo,HW Race Day,4/10,,00256_HW_Race_Day.jpg
HYX89,124,Futurismo (2nd Color),HW Race Day,4/10,,00257_HW_Race_Day.jpg
HYY66,125,2020 Koenigsegg Jesko,HW Race Day,5/10,,00258_HW_Race_Day.jpg
JBB59,125,2020 Koenigsegg Jesko (2nd Color),HW Race Day,5/10,,00259_HW_Race_Day.jpg
HYW41,142,McLaren W1,HW Race Day New for 2025!,6/10,,00260_HW_Race_Day_New_for_2025!.jpg
JBC17,142,McLaren W1 (2nd Color),HW Race Day New for 2025!,6/10,,00261_HW_Race_Day_New_for_2025!.jpg
JBB30,162,2018 Bentley Continental GT3,HW Race Day,7/10,,00262_HW_Race_Day.jpg
JBC18,162,2018 Bentley Continental GT3 (2nd Color),HW Race Day,7/10,,00016_Batman.jpg
HYX18,193,'68 Lotus Type 49,HW Race Day,8/10,,00263_HW_Race_Day.jpg
HYY17,193,'68 Lotus Type 49 (2nd Color),HW Race Day Kroger Exclusive,8/10,,00264_HW_Race_Day_Kroger_Exclusive.jpg
JBB36,221,'94 Bugatti EB110 SS,HW Race Day,9/10,,00265_HW_Race_Day.jpg
JBC45,221,'94 Bugatti EB110 SS,HW Race Day Super Treasure Hunt,9/10,,00266_HW_Race_Day_Super_Treasure_Hunt.jpg
HYW48,222,Ferrari 365 GTB4 Competizione,HW Race Day New for 2025!,10/10,,00267_HW_Race_Day_New_for_2025!.jpg
JBC19,222,Ferrari 365 GTB4 Competizione (2nd Color),HW Race Day New for 2025!,10/10,,00268_HW_Race_Day_New_for_2025!.jpg
HYX23,079,Toyota GR86 Cup,Compact Kings,1/10,,00269_Compact_Kings.jpg
HYX74,079,Toyota GR86 Cup (2nd Color),Compact Kings,1/10,,00270_Compact_Kings.jpg
JBB18,080,'15 Mazda MX-5 Miata,Compact Kings,2/10,,00271_Compact_Kings.jpg
HYX43,102,1976 Chevy Chevette,Compact Kings,3/10,,00272_Compact_Kings.jpg
JBB17,113,Ford Escort,Compact Kings,4/10,,00273_Compact_Kings.jpg
JBB99,113,Ford Escort (2nd Color),Compact Kings,4/10,,00274_Compact_Kings.jpg
HYY69,128,RRRoadster,Compact Kings,5/10,,00275_Compact_Kings.jpg
JBB97,128,RRRoadster (2nd Color),Compact Kings,5/10,,00016_Batman.jpg
HYY70,129,'68 Dodge Dart,Compact Kings,6/10,,00276_Compact_Kings.jpg
HYW40,195,Alfa Romeo Giulia TI Super,Compact Kings New for 2025!,7/10,,00277_Compact_Kings_New_for_2025!.jpg
,195,Alfa Romeo Giulia TI Super (2nd Color),Compact Kings New for 2025!,7/10,,00016_Batman.jpg
HYX24,196,Mazda RX-3,Compact Kings,8/10,,00278_Compact_Kings.jpg
JBC30,212,Honda S800 Racing,Compact Kings Treasure Hunt,9/10,,00279_Compact_Kings_Treasure_Hunt.jpg
HYW46,213,Lotus Cortina,Compact Kings New for 2025!,10/10,,00280_Compact_Kings_New_for_2025!.jpg
HYX29,085,Street Wiener,Fast Foodie,1/5,,00281_Fast_Foodie.jpg
HYX83,085,Street Wiener (2nd Color),Fast Foodie,1/5,,00282_Fast_Foodie.jpg
HYY51,106,Sushi Tuner,Fast Foodie,2/5,,00283_Fast_Foodie.jpg
JBC01,106,Sushi Tuner (2nd Color),Fast Foodie,2/5,,00016_Batman.jpg
HYY84,149,Quick Bite,Fast Foodie,3/5,,00284_Fast_Foodie.jpg
JBB63,149,Quick Bite (2nd Color),Fast Foodie,3/5,,00285_Fast_Foodie.jpg
JBC28,180,Chill Mill,Fast Foodie Treasure Hunt,4/5,,00286_Fast_Foodie_Treasure_Hunt.jpg
HYW42,197,Hot Wheengs,Fast Foodie New for 2025!,5/5,,00287_Fast_Foodie_New_for_2025!.jpg
JBC02,197,Hot Wheengs (2nd Color),Fast Foodie New for 2025!,5/5,,00016_Batman.jpg
HYX34,091,Cruise Bruiser,HW Reverse Rake,1/5,,00288_HW_Reverse_Rake.jpg
HYX77,091,Cruise Bruiser (2nd Color),HW Reverse Rake,1/5,,00289_HW_Reverse_Rake.jpg
HYY54,096,'23 Ram 1500,HW Reverse Rake,2/5,,00290_HW_Reverse_Rake.jpg
HYY55,112,Later Crater,HW Reverse Rake,3/5,,00291_HW_Reverse_Rake.jpg
JBB71,112,Later Crater (2nd Color),HW Reverse Rake,3/5,,00292_HW_Reverse_Rake.jpg
JBB08,182,'62 Corvette Gasser,HW Reverse Rake,4/5,,00293_HW_Reverse_Rake.jpg
JBC43,182,'62 Corvette Gasser,HW Reverse Rake Super Treasure Hunt,4/5,,00016_Batman.jpg
JBB23,201,Honda Civic Custom,HW Reverse Rake,5/5,,00016_Batman.jpg
HYX40,099,Cadillac Project GTP Hypercar,HW Exotics,1/5,,00294_HW_Exotics.jpg
HYY36,099,Cadillac Project GTP Hypercar (2nd Color - Zamac),HW Exotics Walmart Exclusive,1/5,,00016_Batman.jpg
JBB91,099,Cadillac Project GTP Hypercar (3rd Color),HW Exotics,1/5,,00295_HW_Exotics.jpg
HYW11,174,Peugeot 9X8 Hypercar,HW Exotics New for 2025!,2/5,,00296_HW_Exotics_New_for_2025!.jpg
JBB14,190,Gordon Murray Automotive T.50s,HW Exotics,3/5,,00297_HW_Exotics.jpg
HYW59,198,Ferrari F40 Competizione,HW Exotics New for 2025!,4/5,,00298_HW_Exotics_New_for_2025!.jpg
JBB92,198,Ferrari F40 Competizione (2nd Color),HW Exotics New for 2025!,4/5,,00299_HW_Exotics_New_for_2025!.jpg
JBB28,209,McLaren Speedtail,HW Exotics,5/5,,00300_HW_Exotics.jpg
JBC44,209,McLaren Speedtail,HW Exotics Super Treasure Hunt,5/5,,00016_Batman.jpg
HYY57,116,Slide Kick,Experimotors,1/10,,00301_Experimotors.jpg
HYY02,116,Slide Kick (2nd Color),Experimotors,1/10,,00302_Experimotors.jpg
HYY58,117,Flippin Fast,Experimotors,2/10,,00303_Experimotors.jpg
HYX88,117,Flippin Fast (2nd Color),Experimotors,2/10,,00304_Experimotors.jpg
HYY59,118,Skull Shaker,Experimotors,3/10,,00305_Experimotors.jpg
JBB73,118,Skull Shaker (2nd Color),Experimotors,3/10,,00306_Experimotors.jpg
HYY90,156,HW Ultimate T-Rex Transporter,Experimotors,4/10,,00307_Experimotors.jpg
JBC10,156,HW Ultimate T-Rex Transporter (2nd Color),Experimotors,4/10,,00016_Batman.jpg
JBB02,160,Crate Racer,Experimotors,5/10,,00308_Experimotors.jpg
JBB87,160,Crate Racer (2nd Color),Experimotors,5/10,,00309_Experimotors.jpg
JBB12,187,Porsche 911 Carrera Clip,Experimotors,6/10,,00310_Experimotors.jpg
JBC11,187,Porsche 911 Carrera Clip (2nd Color),Experimotors,6/10,,00016_Batman.jpg
HYW39,188,Decidedly Go,Experimotors New for 2025!,7/10,,00311_Experimotors_New_for_2025!.jpg
JBC12,188,Decidedly Go (2nd Color),Experimotors New for 2025!,7/10,,00016_Batman.jpg
JBB25,206,Speed Driver,Experimotors,8/10,,00312_Experimotors.jpg
JBB88,206,Speed Driver (2nd Color),Experimotors,8/10,,00016_Batman.jpg
HYW45,216,Quick Chat,Experimotors New for 2025!,9/10,,00313_Experimotors_New_for_2025!.jpg
JBC13,216,Quick Chat (2nd Color),Experimotors New for 2025!,9/10,,00016_Batman.jpg
JBC31,229,Shark Bite,Experimotors Treasure Hunt,10/10,,00016_Batman.jpg
HYY62,121,'67 Ford Mustang Coupe,Then and Now,1/10,,00314_Then_and_Now.jpg
HYY63,122,Range Rover Velar,Then and Now,2/10,,00315_Then_and_Now.jpg
HYY64,123,2018 Honda Civic Type R,Then and Now,3/10,,00316_Then_and_Now.jpg
HYY26,123,2018 Honda Civic Type R (2nd Color),Then and Now Dollar Tree/Family Dollar Exclusive,3/10,,00016_Batman.jpg
JBB77,123,2018 Honda Civic Type R (3rd Color),Then and Now,3/10,,00317_Then_and_Now.jpg
HYW50,176,'96 Dodge Viper GTS,Then and Now New for 2025!,4/10,,00318_Then_and_Now_New_for_2025!.jpg
JBB95,176,'96 Dodge Viper GTS (2nd Color),Then and Now New for 2025!,4/10,,00319_Then_and_Now_New_for_2025!.jpg
JBB31,210,Land Rover Defender 90,Then and Now,5/10,,00320_Then_and_Now.jpg
HYY18,210,Land Rover Defender 90 (2nd Color - Zamac),Then and Now Walmart Exclusive,5/10,,00016_Batman.jpg
JBC16,210,Land Rover Defender 90 (3rd Color),Then and Now,5/10,,00016_Batman.jpg
JBB15,214,2013 SRT Viper,Then and Now,6/10,,00321_Then_and_Now.jpg
JBB34,219,Ford Mustang Dark Horse,Then and Now,7/10,,00322_Then_and_Now.jpg
JBB35,220,Porsche 911 GT3 RS,Then and Now,8/10,,00323_Then_and_Now.jpg
JBB42,231,'73 Honda Civic Custom,Then and Now,9/10,,00324_Then_and_Now.jpg
JBC46,231,'73 Honda Civic Custom,Then and Now Super Treasure Hunt,9/10,,00325_Then_and_Now_Super_Treasure_Hunt.jpg
HYW37,239,Porsche 911 Turbo Cabriolet,Then and Now New for 2025!,10/10,,00326_Then_and_Now_New_for_2025!.jpg
HYY79,131,'71 Dodge Challenger,Muscle Mania,1/10,,00327_Muscle_Mania.jpg
HYY61,165,'69 Mercury Cyclone,Muscle Mania,2/10,,00328_Muscle_Mania.jpg
JBB13,189,'67 Mustang,Muscle Mania,3/10,,00329_Muscle_Mania.jpg
JBB27,207,Ravenger S/T,Muscle Mania,4/10,,00330_Muscle_Mania.jpg
JBC14,207,Ravenger S/T (2nd Color),Muscle Mania,4/10,,00016_Batman.jpg
JBB29,208,'69 Dodge Coronet Superbee,Muscle Mania,5/10,,00331_Muscle_Mania.jpg
JBB33,217,King Kuda,Muscle Mania,6/10,,00332_Muscle_Mania.jpg
HYW47,218,Mod Mill,Muscle Mania New for 2025!,7/10,,00333_Muscle_Mania_New_for_2025!.jpg
JBC15,218,Mod Mill (2nd Color),Muscle Mania New for 2025!,7/10,,00016_Batman.jpg
JBB41,230,'73 Pontiac Firebird,Muscle Mania,8/10,,00334_Muscle_Mania.jpg
JBB45,240,'20 Dodge Charger Hellcat,Muscle Mania,9/10,,00335_Muscle_Mania.jpg
JBC47,240,'20 Dodge Charger Hellcat,Muscle Mania Super Treasure Hunt,9/10,,00016_Batman.jpg
HYW53,250,1983 Porsche 928S,Muscle Mania New for 2025!,10/10,,00336_Muscle_Mania_New_for_2025!.jpg
HYY85,150,Honda CB750 Café,HW Moto,1/5,,00337_HW_Moto.jpg
JBB79,150,Honda CB750 Café (2nd Color),HW Moto,1/5,,00016_Batman.jpg
HYY37,150,Honda CB750 Café (3rd Color),HW Moto Kroger Exclusive,1/5,,00016_Batman.jpg
JBB07,177,Vespa 90 SS Super Sprint (1966),HW Moto,2/5,,00338_HW_Moto.jpg
HYW43,181,Honda Motocompo,HW Moto New for 2025!,3/5,,00339_HW_Moto_New_for_2025!.jpg
JBC03,181,Honda Motocompo (2nd Color),HW Moto New for 2025!,3/5,,00016_Batman.jpg
HYW51,224,Honda VFR750R (RC30),HW Moto New for 2025!,4/5,,00340_HW_Moto_New_for_2025!.jpg
JBC32,235,1966 Triumph Tiger 100,HW Moto Treasure Hunt,5/5,,00341_HW_Moto_Treasure_Hunt.jpg
JBB09,183,Drift'n Break,HW Wagons,1/5,,00342_HW_Wagons.jpg
JBC06,183,Drift'n Break (2nd Color),HW Wagons,1/5,,00343_HW_Wagons.jpg
JBB10,184,Track Dwagon,HW Wagons,2/5,,00344_HW_Wagons.jpg
HYY34,184,Track Dwagon (2nd Color),HW Wagons Kroger Exclusive,2/5,,00345_HW_Wagons_Kroger_Exclusive.jpg
JBB81,184,Track Dwagon (3rd Color),HW Wagons,2/5,,00016_Batman.jpg
JBB40,227,Volvo 240 Drift Wagon,HW Wagons,3/5,,00346_HW_Wagons.jpg
HYY20,227,Volvo 240 Drift Wagon (2nd Color - Zamac),HW Wagons Walmart Exclusive,3/5,,00016_Batman.jpg
HYW56,244,Gone Mad,HW Wagons New for 2025!,4/5,,00347_HW_Wagons_New_for_2025!.jpg
JBB48,245,BMW M3 Wagon,HW Wagons,5/5,,00016_Batman.jpg
JBC48,245,BMW M3 Wagon,HW Wagons Super Treasure Hunt,5/5,,00348_HW_Wagons_Super_Treasure_Hunt.jpg
HYW38,185,BMW 635 CSi,Wild Widebody New for 2025!,1/5,,00349_Wild_Widebody_New_for_2025!.jpg
JBB84,185,BMW 635 CSi (2nd Color),Wild Widebody New for 2025!,1/5,,00350_Wild_Widebody_New_for_2025!.jpg
JBB11,186,'89 Mercedes-Benz 560 SEC AMG,Wild Widebody,2/5,,00351_Wild_Widebody.jpg
JBB85,186,'89 Mercedes-Benz 560 SEC AMG (2nd Color),Wild Widebody,2/5,,00016_Batman.jpg
JBB24,205,Pontiac Aztek Custom,Wild Widebody,3/5,,00352_Wild_Widebody.jpg
JBC09,205,Pontiac Aztek Custom (2nd Color),Wild Widebody,3/5,,00016_Batman.jpg
HYW54,238,Jaguar XJC V12 Coupe,Wild Widebody New for 2025!,4/5,,00353_Wild_Widebody_New_for_2025!.jpg
HYY21,238,Jaguar XJC V12 Coupe (2nd Color - Zamac),Wild Widebody New for 2025! Walmart Exclusive,4/5,,00016_Batman.jpg
JBC33,246,'84 Audi Sport quattro,Wild Widebody Treasure Hunt,5/5,,00354_Wild_Widebody_Treasure_Hunt.jpg
JBB31,192,Czinger 21C,Peak Pursuit,1/10,,00355_Peak_Pursuit.jpg
JBB96,192,Czinger 21C (2nd Color),Peak Pursuit,1/10,,00356_Peak_Pursuit.jpg
JBB20,199,Audi 90 quattro,Peak Pursuit,2/10,,00357_Peak_Pursuit.jpg
JBC04,199,Audi 90 quattro (2nd Color),Peak Pursuit,2/10,,00016_Batman.jpg
JBB21,200,VW T3 Custom,Peak Pursuit,3/10,,00358_Peak_Pursuit.jpg
JBC05,200,VW T3 Custom (3rd Color),Peak Pursuit,3/10,,00016_Batman.jpg
JBB38,225,Pagani Utopia,Peak Pursuit,4/10,,00359_Peak_Pursuit.jpg
JBB39,226,Mazda 787B,Peak Pursuit,5/10,,00360_Peak_Pursuit.jpg
JBB44,236,Limited Grip,Peak Pursuit,6/10,,00361_Peak_Pursuit.jpg
HYW55,237,McMurtry Spéirling,Peak Pursuit New for 2025!,7/10,,00362_Peak_Pursuit_New_for_2025!.jpg
JBB47,243,Mazda RX-3,Peak Pursuit,8/10,,00016_Batman.jpg
JBB49,247,Ford RS200,Peak Pursuit,9/10,,00016_Batman.jpg
JBC49,247,Ford RS200,Peak Pursuit Super Treasure Hunt,9/10,,00016_Batman.jpg
HYW29,248,Polestar TRX,Peak Pursuit New for 2025!,10/10,,00363_Peak_Pursuit_New_for_2025!.jpg
JBB24,204,Terra-Tracktyl,HW Track Champs,1/5,,00364_HW_Track_Champs.jpg
JBB82,204,Terra-Tracktyl (2nd Color),HW Track Champs,1/5,,00016_Batman.jpg
JBB32,215,Blitzspeeder,HW Track Champs,2/5,,00365_HW_Track_Champs.jpg
JBB83,215,Blitzspeeder (2nd Color),HW Track Champs,2/5,,00016_Batman.jpg
HYW49,228,Twin Dorado,HW Track Champs New for 2025!,3/5,,00366_HW_Track_Champs_New_for_2025!.jpg
HYW58,242,El Segundo Rallye,HW Track Champs New for 2025!,4/5,,00367_HW_Track_Champs_New_for_2025!.jpg
JBC34,249,Triumph TR6,HW Track Champs Treasure Hunt,5/5,,00016_Batman.jpg
HYY38,028,'90 Honda Civic EF (2nd Color),Red Edition Target Exclusive,1/12,,00368_Red_Edition_Target_Exclusive.jpg
HYY39,024,Custom Cadillac Fleetwood (2nd Color),Red Edition Target Exclusive,2/12,,00369_Red_Edition_Target_Exclusive.jpg
HYY40,007,Small Bloc (2nd Color),Red Edition Target Exclusive,3/12,,00370_Red_Edition_Target_Exclusive.jpg
HYY41,073,2020 Ford Mustang Shelby GT500 (2nd Color),Red Edition Target Exclusive,4/12,,00371_Red_Edition_Target_Exclusive.jpg
HYY42,039,2020 Ram 1500 Rebel (2nd Color),Red Edition Target Exclusive,5/12,,00016_Batman.jpg
HYY43,052,Mercedes-Benz 500 E (2nd Color),Red Edition Target Exclusive,6/12,,00372_Red_Edition_Target_Exclusive.jpg
HYY44,062,Datsun 240Z,Red Edition Target Exclusive,7/12,,00373_Red_Edition_Target_Exclusive.jpg
HYY45,041,Lamborghini Huracán Sterrato (2nd Color),Red Edition Target Exclusive,8/12,,00374_Red_Edition_Target_Exclusive.jpg
HYY46,134,'68 Corvette - Gas Monkey Garage (2nd Color),Red Edition Target Exclusive,9/12,,00375_Red_Edition_Target_Exclusive.jpg
HYY47,200,VW T3 Custom (2nd Color),Red Edition Target Exclusive,10/12,,00376_Red_Edition_Target_Exclusive.jpg
HYY48,190,Gordon Murray Automotive T.50s (2nd Color),Red Edition Target Exclusive,11/12,,00377_Red_Edition_Target_Exclusive.jpg
HYY49,115,'75 Chevy Blazer Custom (3rd Color),Red Edition Target Exclusive,12/12,,00378_Red_Edition_Target_Exclusive.jpg